{
  "threshold": 0.7,
  "test_size": 14436,
  "metrics": {
    "accuracy": 0.9961208090883902,
    "precision": 0.9971461187214612,
    "recall": 0.994874715261959,
    "f1": 0.9960091220068416,
    "roc_auc": 0.9993939328516092,
    "average_precision": 0.9987356026648319
  },
  "classification_report": "              precision    recall  f1-score   support\n\n    Real (0)       1.00      1.00      1.00      7412\n    Fake (1)       1.00      0.99      1.00      7024\n\n    accuracy                           1.00     14436\n   macro avg       1.00      1.00      1.00     14436\nweighted avg       1.00      1.00      1.00     14436\n"
}